TEAM_ID,TEAM_NAME,GP,W,L,W_PCT,MIN,E_OFF_RATING,OFF_RATING,E_DEF_RATING,DEF_RATING,E_NET_RATING,NET_RATING,AST_PCT,AST_TO,AST_RATIO,OREB_PCT,DREB_PCT,REB_PCT,TM_TOV_PCT,EFG_PCT,TS_PCT,E_PACE,PACE,PACE_PER40,POSS,PIE,GP_RANK,W_RANK,L_RANK,W_PCT_RANK,MIN_RANK,OFF_RATING_RANK,DEF_RATING_RANK,NET_RATING_RANK,AST_PCT_RANK,AST_TO_RANK,AST_RATIO_RANK,OREB_PCT_RANK,DREB_PCT_RANK,REB_PCT_RANK,TM_TOV_PCT_RANK,EFG_PCT_RANK,TS_PCT_RANK,PACE_RANK,PIE_RANK
1610612737,Atlanta Hawks,82,50,32,0.61,3976.0,105.1,106.5,100.8,102.5,4.3,4.0,0.543,1.29,15.3,0.356,0.669,0.518,0.165,0.481,0.533,90.5,89.1,74.25,7377,0.532,1,10,10,10,8,4,13,9,27,22,26,5,10,5,11,12,9,28,9
1610612738,Boston Celtics,82,36,46,0.439,3946.0,99.1,100.8,102.6,103.5,-3.5,-2.7,0.603,1.37,16.5,0.352,0.642,0.484,0.171,0.464,0.504,96.1,94.9,79.08,7800,0.457,1,20,20,20,27,23,18,22,20,17,18,7,24,23,18,21,23,1,23
1610612766,Charlotte Hornets,82,51,31,0.622,3956.0,104.7,105.5,102.7,103.3,2.0,2.2,0.654,1.56,18.3,0.326,0.691,0.51,0.166,0.495,0.542,91.8,91.13,75.95,7511,0.526,1,9,9,9,21,12,15,12,5,9,6,22,3,7,13,7,6,18,11
1610612741,Chicago Bulls,82,62,20,0.756,3971.0,104.1,106.2,96.7,98.4,7.3,7.8,0.637,1.66,18.0,0.381,0.676,0.527,0.158,0.473,0.516,92.0,90.3,75.25,7471,0.56,1,1,1,1,9,8,3,3,10,4,8,2,7,2,7,19,19,22,2
1610612739,Cleveland Cavaliers,82,47,35,0.573,3966.0,99.3,100.3,96.0,97.5,3.3,2.8,0.672,1.33,17.8,0.33,0.678,0.508,0.188,0.478,0.529,92.6,91.43,76.19,7561,0.528,1,11,11,11,10,24,1,10,3,20,10,19,6,10,29,13,12,17,10
1610612742,Dallas Mavericks,82,20,62,0.244,3981.0,97.4,98.9,104.4,105.2,-7.0,-6.3,0.533,1.3,14.9,0.306,0.632,0.466,0.156,0.458,0.498,92.6,91.47,76.23,7575,0.446,1,24,24,24,6,27,23,24,28,21,28,28,28,28,5,26,27,15,25
1610612743,Denver Nuggets,82,11,71,0.134,3946.0,95.7,97.4,109.1,110.6,-13.4,-13.2,0.578,1.18,15.0,0.337,0.639,0.482,0.175,0.44,0.496,92.5,91.06,75.88,7496,0.407,1,29,29,29,29,28,29,29,23,28,27,16,25,25,21,28,28,19,29
1610612765,Detroit Pistons,82,37,45,0.451,3991.0,102.5,103.4,100.4,101.8,2.1,1.6,0.558,1.33,15.5,0.332,0.668,0.5,0.16,0.472,0.523,90.8,89.75,74.79,7468,0.505,1,19,19,19,2,14,9,14,25,19,24,18,12,16,9,20,16,23,16
1610612744,Golden State Warriors,82,19,63,0.232,3966.0,92.7,93.9,102.8,103.5,-10.1,-9.6,0.6,1.25,15.7,0.356,0.664,0.505,0.178,0.427,0.468,94.2,93.31,77.76,7707,0.423,1,25,25,25,10,29,17,28,21,26,23,4,14,11,23,29,29,8,28
1610612745,Houston Rockets,82,41,41,0.5,3966.0,104.4,105.9,105.6,106.8,-1.2,-0.9,0.611,1.39,16.9,0.324,0.672,0.499,0.17,0.496,0.544,93.7,92.52,77.1,7649,0.49,1,17,17,17,10,9,25,18,18,16,16,24,9,18,17,6,5,11,18
1610612754,Indiana Pacers,82,58,24,0.707,3966.0,105.6,106.3,98.4,99.5,7.2,6.8,0.647,1.62,18.3,0.305,0.657,0.49,0.158,0.502,0.55,90.5,89.69,74.75,7410,0.553,1,5,5,5,10,6,5,5,8,7,5,29,17,22,6,4,4,24,4
1610612746,Los Angeles Clippers,82,17,65,0.207,3956.0,99.9,101.8,108.3,109.6,-8.4,-7.7,0.523,1.16,14.6,0.33,0.638,0.481,0.171,0.477,0.518,95.2,93.74,78.12,7723,0.437,1,27,27,27,23,18,27,25,29,29,29,20,26,27,19,14,18,6,26
1610612747,Los Angeles Lakers,82,61,21,0.744,3966.0,109.2,110.4,100.7,102.3,8.5,8.1,0.639,1.6,18.1,0.339,0.656,0.503,0.16,0.519,0.559,96.1,94.85,79.04,7836,0.558,1,3,3,3,18,2,11,1,9,8,7,13,19,13,8,2,2,2,3
1610612748,Miami Heat,82,55,27,0.671,3951.0,104.6,105.7,98.7,100.5,5.9,5.2,0.617,1.43,17.0,0.339,0.669,0.508,0.166,0.494,0.538,90.6,89.35,74.46,7367,0.535,1,8,8,8,24,11,6,7,15,11,14,12,11,9,14,8,8,27,8
1610612749,Milwaukee Bucks,82,36,46,0.439,3986.0,100.6,101.5,102.4,103.7,-1.8,-2.2,0.565,1.19,15.7,0.34,0.664,0.501,0.181,0.475,0.527,92.8,91.9,76.58,7637,0.483,1,20,20,20,5,20,19,20,24,27,22,11,15,14,26,18,14,14,20
1610612750,Minnesota Timberwolves,82,45,37,0.549,3986.0,104.8,106.4,103.6,105.5,1.2,0.8,0.655,1.82,18.6,0.333,0.657,0.497,0.146,0.483,0.529,95.5,93.89,78.24,7793,0.515,1,13,13,13,4,5,24,16,4,1,4,17,18,20,1,10,11,4,13
1610612751,New Jersey Nets,82,43,39,0.524,3976.0,104.8,105.8,103.3,104.3,1.4,1.5,0.552,1.43,15.3,0.383,0.65,0.508,0.153,0.463,0.513,94.0,93.16,77.63,7723,0.497,1,14,14,14,7,10,21,15,26,13,25,1,21,8,3,23,22,9,17
1610612752,New York Knicks,82,43,39,0.524,3966.0,100.4,101.5,97.1,98.8,3.3,2.7,0.624,1.43,17.3,0.319,0.703,0.512,0.169,0.476,0.521,90.8,89.53,74.61,7398,0.517,1,14,14,14,10,19,4,11,12,12,13,27,1,6,15,15,17,26,12
1610612753,Orlando Magic,82,41,41,0.5,3966.0,98.8,101.0,100.9,102.2,-2.1,-1.2,0.611,1.35,16.3,0.37,0.646,0.505,0.172,0.452,0.499,90.1,88.51,73.76,7315,0.489,1,17,17,17,10,22,10,19,17,18,20,3,22,12,20,27,26,29,19
1610612755,Philadelphia 76ers,82,31,51,0.378,3951.0,99.7,101.1,102.7,103.3,-3.0,-2.3,0.609,1.28,16.3,0.341,0.66,0.499,0.179,0.462,0.514,93.0,92.11,76.76,7570,0.478,1,22,22,22,26,21,16,21,19,24,19,9,16,17,25,25,20,13,21
1610612756,Phoenix Suns,82,56,26,0.683,3991.0,104.5,106.3,98.8,100.6,5.7,5.6,0.677,1.72,19.3,0.321,0.664,0.497,0.161,0.5,0.54,94.1,92.47,77.06,7685,0.547,1,6,6,6,1,7,7,6,2,3,2,25,13,19,10,5,7,12,6
1610612757,Portland Trail Blazers,82,46,36,0.561,3966.0,100.8,102.4,99.5,100.8,1.3,1.6,0.612,1.28,16.6,0.355,0.685,0.525,0.183,0.476,0.524,92.8,91.46,76.22,7555,0.512,1,12,12,12,10,17,8,13,16,23,17,6,4,3,28,16,15,16,14
1610612758,Sacramento Kings,82,27,55,0.329,3946.0,98.1,99.1,103.8,105.0,-5.7,-5.9,0.621,1.44,17.0,0.328,0.643,0.483,0.165,0.464,0.502,94.8,93.78,78.15,7709,0.458,1,23,23,23,27,26,22,23,13,10,15,21,23,24,12,22,25,5,22
1610612759,San Antonio Spurs,82,56,26,0.683,3966.0,101.5,102.4,96.2,98.0,5.3,4.4,0.635,1.4,17.7,0.326,0.696,0.524,0.178,0.493,0.531,90.9,89.65,74.71,7407,0.551,1,6,6,6,19,16,2,8,11,14,11,23,2,4,24,9,10,25,5
1610612760,Seattle SuperSonics,82,61,21,0.744,3951.0,108.5,110.1,100.4,102.3,8.1,7.9,0.651,1.73,18.7,0.321,0.635,0.481,0.153,0.521,0.558,92.5,90.96,75.8,7487,0.544,1,3,3,3,24,3,12,2,7,2,3,26,27,26,4,1,3,20,7
1610612761,Toronto Raptors,82,16,66,0.195,3986.0,98.5,99.4,107.7,108.9,-9.2,-9.5,0.589,1.27,16.0,0.339,0.602,0.466,0.175,0.462,0.504,95.4,94.36,78.64,7829,0.431,1,28,28,28,3,25,26,27,22,25,21,14,29,29,22,24,24,3,27
1610612762,Utah Jazz,82,62,20,0.756,3956.0,109.3,110.9,102.3,103.8,7.0,7.2,0.692,1.64,19.4,0.352,0.684,0.529,0.169,0.51,0.569,91.9,90.55,75.46,7464,0.571,1,1,1,1,22,1,20,4,1,5,1,8,5,1,16,3,1,21,1
1610612763,Vancouver Grizzlies,82,19,63,0.232,3966.0,101.1,102.4,109.3,110.2,-8.2,-7.8,0.652,1.4,17.9,0.34,0.652,0.496,0.182,0.482,0.527,94.6,93.6,78.0,7735,0.452,1,25,25,25,10,15,28,26,6,15,9,10,20,21,27,11,13,7,24
1610612764,Washington Wizards,82,42,40,0.512,3961.0,102.2,103.9,101.6,103.2,0.6,0.7,0.617,1.64,17.5,0.339,0.673,0.501,0.151,0.476,0.513,94.5,92.98,77.49,7669,0.507,1,16,16,16,20,13,14,17,14,6,12,15,8,15,2,17,21,10,15
